{"activation": "logistic", "solver": "adam", "alpha": 1.695470608254929e-06, "batch_size": 256, "learning_rate": "constant", "learning_rate_init": 0.01700552494900901, "power_t": 0.017368158585041937, "max_iter": 61400, "n_iter_no_change": 70, "hidden_layer_sizes": 6}