{"booster": "dart", "lambda": 5.9970121637027e-05, "alpha": 1.7542146965245135e-07, "subsample": 0.42543576029309815, "colsample_bytree": 0.20013511211344007, "n_estimators": 55, "max_depth": 11, "min_child_weight": 4, "eta": 0.00012043032224476106, "gamma": 0.2447326710688491, "grow_policy": "lossguide", "sample_type": "weighted", "normalize_type": "forest", "rate_drop": 4.9468971903360015e-08, "skip_drop": 0.00013844408922173242}