{"activation": "identity", "solver": "lbfgs", "alpha": 4.184765180517635e-05, "batch_size": 170, "learning_rate": "adaptive", "learning_rate_init": 0.06504941480515279, "power_t": 0.0658012843082081, "max_iter": 64900, "n_iter_no_change": 980, "hidden_layer_sizes": [43, 31]}