{"n_estimators": 650, "criterion": "gini", "max_depth": 4, "min_samples_split": 0.13348384260670562, "min_samples_leaf": 0.07996203430525314, "min_weight_fraction_leaf": 0.1637296854885245, "max_features": "sqrt", "max_leaf_nodes": 6, "min_impurity_decrease": 0.018170471974051826}